<?xml version="1.0" encoding="ISO-8859-1" ?>
<!DOCTYPE tiles-definitions PUBLIC
       "-//Apache Software Foundation//DTD Tiles Configuration 3.0//EN"
       "http://tiles.apache.org/dtds/tiles-config_3_0.dtd">


<tiles-definitions>

	<definition name="welcome" template="/WEB-INF/jsp/welcome.jsp">
		<put-attribute name="title" value="Welcome Page" />
		<put-attribute name="header" value="/WEB-INF/tiles/header.jsp" />
		<put-attribute name="body" value="/WEB-INF/tiles/body.jsp" />
		<put-attribute name="footer" value="/WEB-INF/tiles/footer.jsp" />
	</definition>
	<definition name="new" template="/WEB-INF/jsp/new.jsp">
		<put-attribute name="title" value="Welcome Page" />
		<put-attribute name="header" value="/WEB-INF/tiles/header.jsp" />
		<put-attribute name="body" value="/WEB-INF/tiles/body.jsp" />
		<put-attribute name="footer" value="/WEB-INF/tiles/footer.jsp" />
	</definition>

	<definition name="productList" template="/WEB-INF/jsp/productList.jsp">
        <put-attribute name="title" value="Product List" />
        <put-attribute name="products" value="/all" />
    </definition>

	<definition name="editForm" template="/WEB-INF/jsp/editForm.jsp">
        <put-attribute name="title" value="Edit from" />
        <put-attribute name="products" value="/edit/{id}" />
    </definition>

	<definition name="locations" template="/WEB-INF/jsp/locations.jsp">
		<put-attribute name="title" value="Welcome Page" />
		<put-attribute name="header" value="/WEB-INF/tiles/header.jsp" />
		<put-attribute name="body" value="/WEB-INF/tiles/body.jsp" />
		<put-attribute name="footer" value="/WEB-INF/tiles/footer.jsp" />
	</definition>
</tiles-definitions>